{"results":[{"created_at":"Fri Jun 05 22:03:39 +0000 2009","id":2048351047,"id_str":"2048351047","text":"#UKIP 2nd place in five divisions in #Runnymede. This is where #Surrey will see it's first #UKIP councillor. Watch this space.","source":"\u003ca href=\"http:\/\/twitter.com\" rel=\"nofollow\"\u003eTwitter Web Client\u003c\/a\u003e","truncated":false,"in_reply_to_status_id":null,"in_reply_to_status_id_str":null,"in_reply_to_user_id":null,"in_reply_to_user_id_str":null,"in_reply_to_screen_name":null,"user":{"id":27040116,"id_str":"27040116","name":"Rob Burberry","screen_name":"RobBurberry","location":"London, England","url":"http:\/\/www.efddgroup.eu","description":"Advisor for UK Delegation - @EFDgroup, husband of taxpaying Polish migrant, #polesinuk, love Poland and UK for different reasons!","translator_type":"none","derived":{"locations":[{"country":"United Kingdom","country_code":"GB","locality":"London","region":"England","sub_region":"Greater London","full_name":"London, England, United Kingdom","geo":{"coordinates":[-0.12574,51.50853],"type":"point"}}]},"protected":false,"verified":false,"followers_count":1375,"friends_count":1031,"listed_count":63,"favourites_count":910,"statuses_count":4376,"created_at":"Fri Mar 27 16:33:59 +0000 2009","utc_offset":null,"time_zone":null,"geo_enabled":true,"lang":"en","contributors_enabled":false,"is_translator":false,"profile_background_color":"C0DEED","profile_background_image_url":"http:\/\/abs.twimg.com\/images\/themes\/theme1\/bg.png","profile_background_image_url_https":"https:\/\/abs.twimg.com\/images\/themes\/theme1\/bg.png","profile_background_tile":false,"profile_link_color":"1DA1F2","profile_sidebar_border_color":"C0DEED","profile_sidebar_fill_color":"DDEEF6","profile_text_color":"333333","profile_use_background_image":true,"profile_image_url":"http:\/\/pbs.twimg.com\/profile_images\/378800000378071938\/b7e15768bc9a0ce85f58e8955d7094f5_normal.jpeg","profile_image_url_https":"https:\/\/pbs.twimg.com\/profile_images\/378800000378071938\/b7e15768bc9a0ce85f58e8955d7094f5_normal.jpeg","default_profile":true,"default_profile_image":false,"following":null,"follow_request_sent":null,"notifications":null},"geo":null,"coordinates":null,"place":null,"contributors":null,"is_quote_status":false,"quote_count":0,"reply_count":0,"retweet_count":0,"favorite_count":0,"entities":{"hashtags":[{"text":"UKIP","indices":[0,5]},{"text":"Runnymede","indices":[37,47]},{"text":"Surrey","indices":[63,70]},{"text":"UKIP","indices":[91,96]}],"urls":[],"user_mentions":[],"symbols":[]},"favorited":false,"retweeted":false,"filter_level":"low","lang":"en","matching_rules":[{"tag":null}]},{"created_at":"Fri Jun 05 20:57:10 +0000 2009","id":2047637420,"id_str":"2047637420","text":"A great result in the local elections for #UKIP. http:\/\/tiny.cc\/6Kbna  Web traffic immense . Let's hope these reflect the poll results.","source":"\u003ca href=\"http:\/\/twitter.com\" rel=\"nofollow\"\u003eTwitter Web Client\u003c\/a\u003e","truncated":false,"in_reply_to_status_id":null,"in_reply_to_status_id_str":null,"in_reply_to_user_id":null,"in_reply_to_user_id_str":null,"in_reply_to_screen_name":null,"user":{"id":19017675,"id_str":"19017675","name":"Nigel Farage","screen_name":"Nigel_Farage","location":null,"url":"http:\/\/Nfarage.com","description":"@BrexitParty_UK MEP","translator_type":"none","protected":false,"verified":true,"followers_count":1272187,"friends_count":457,"listed_count":6049,"favourites_count":106,"statuses_count":14329,"created_at":"Thu Jan 15 10:37:07 +0000 2009","utc_offset":null,"time_zone":null,"geo_enabled":true,"lang":"en","contributors_enabled":false,"is_translator":false,"profile_background_color":"722889","profile_background_image_url":"http:\/\/abs.twimg.com\/images\/themes\/theme10\/bg.gif","profile_background_image_url_https":"https:\/\/abs.twimg.com\/images\/themes\/theme10\/bg.gif","profile_background_tile":true,"profile_link_color":"722889","profile_sidebar_border_color":"FFFFFF","profile_sidebar_fill_color":"7AC3EE","profile_text_color":"3D1957","profile_use_background_image":true,"profile_image_url":"http:\/\/pbs.twimg.com\/profile_images\/1103769371325972483\/tVVKNug1_normal.jpg","profile_image_url_https":"https:\/\/pbs.twimg.com\/profile_images\/1103769371325972483\/tVVKNug1_normal.jpg","profile_banner_url":"https:\/\/pbs.twimg.com\/profile_banners\/19017675\/1547035811","default_profile":false,"default_profile_image":false,"following":null,"follow_request_sent":null,"notifications":null},"geo":null,"coordinates":null,"place":null,"contributors":null,"is_quote_status":false,"quote_count":0,"reply_count":0,"retweet_count":0,"favorite_count":1,"entities":{"hashtags":[{"text":"UKIP","indices":[42,47]}],"urls":[],"user_mentions":[],"symbols":[]},"favorited":false,"retweeted":false,"filter_level":"low","lang":"en","matching_rules":[{"tag":null}]},{"created_at":"Fri Jun 05 20:52:22 +0000 2009","id":2047584964,"id_str":"2047584964","text":"glenys kinnock, one of the top 10 worst British MEPs is made Europe minister. http:\/\/tiny.cc\/KCy40 Brown must be desperate for pals #UKIP","source":"\u003ca href=\"http:\/\/twitter.com\" rel=\"nofollow\"\u003eTwitter Web Client\u003c\/a\u003e","truncated":false,"in_reply_to_status_id":null,"in_reply_to_status_id_str":null,"in_reply_to_user_id":null,"in_reply_to_user_id_str":null,"in_reply_to_screen_name":null,"user":{"id":19017675,"id_str":"19017675","name":"Nigel Farage","screen_name":"Nigel_Farage","location":null,"url":"http:\/\/Nfarage.com","description":"@BrexitParty_UK MEP","translator_type":"none","protected":false,"verified":true,"followers_count":1272187,"friends_count":457,"listed_count":6049,"favourites_count":106,"statuses_count":14329,"created_at":"Thu Jan 15 10:37:07 +0000 2009","utc_offset":null,"time_zone":null,"geo_enabled":true,"lang":"en","contributors_enabled":false,"is_translator":false,"profile_background_color":"722889","profile_background_image_url":"http:\/\/abs.twimg.com\/images\/themes\/theme10\/bg.gif","profile_background_image_url_https":"https:\/\/abs.twimg.com\/images\/themes\/theme10\/bg.gif","profile_background_tile":true,"profile_link_color":"722889","profile_sidebar_border_color":"FFFFFF","profile_sidebar_fill_color":"7AC3EE","profile_text_color":"3D1957","profile_use_background_image":true,"profile_image_url":"http:\/\/pbs.twimg.com\/profile_images\/1103769371325972483\/tVVKNug1_normal.jpg","profile_image_url_https":"https:\/\/pbs.twimg.com\/profile_images\/1103769371325972483\/tVVKNug1_normal.jpg","profile_banner_url":"https:\/\/pbs.twimg.com\/profile_banners\/19017675\/1547035811","default_profile":false,"default_profile_image":false,"following":null,"follow_request_sent":null,"notifications":null},"geo":null,"coordinates":null,"place":null,"contributors":null,"is_quote_status":false,"quote_count":0,"reply_count":0,"retweet_count":0,"favorite_count":0,"entities":{"hashtags":[{"text":"UKIP","indices":[132,137]}],"urls":[],"user_mentions":[],"symbols":[]},"favorited":false,"retweeted":false,"filter_level":"low","lang":"en","matching_rules":[{"tag":null}]},{"created_at":"Fri Jun 05 19:32:20 +0000 2009","id":2046682982,"id_str":"2046682982","text":"@AndyPickwell I think you are very very wrong. Sunday is going to be great for #UKIP!","source":"\u003ca href=\"http:\/\/twitter.com\" rel=\"nofollow\"\u003eTwitter Web Client\u003c\/a\u003e","truncated":false,"in_reply_to_status_id":2045319963,"in_reply_to_status_id_str":"2045319963","in_reply_to_user_id":20670739,"in_reply_to_user_id_str":"20670739","in_reply_to_screen_name":"AndyPickwell","user":{"id":18773462,"id_str":"18773462","name":"James Moyies","screen_name":"JamesMoyies","location":"Southend","url":null,"description":"Leavers of Britain Regional Director and ex Vote Leave Regional Director (East of England) http:\/\/leaversofBritain.co.uk","translator_type":"none","derived":{"locations":[{"country":"United Kingdom","country_code":"GB","locality":"Southend-on-Sea","region":"England","sub_region":"Borough of Southend-on-Sea","full_name":"Southend-on-Sea, England, United Kingdom","geo":{"coordinates":[0.71433,51.53782],"type":"point"}}]},"protected":false,"verified":false,"followers_count":8221,"friends_count":841,"listed_count":119,"favourites_count":397,"statuses_count":6340,"created_at":"Thu Jan 08 18:37:49 +0000 2009","utc_offset":null,"time_zone":null,"geo_enabled":true,"lang":"en","contributors_enabled":false,"is_translator":false,"profile_background_color":"991483","profile_background_image_url":"http:\/\/abs.twimg.com\/images\/themes\/theme10\/bg.gif","profile_background_image_url_https":"https:\/\/abs.twimg.com\/images\/themes\/theme10\/bg.gif","profile_background_tile":true,"profile_link_color":"B021A4","profile_sidebar_border_color":"D9B17E","profile_sidebar_fill_color":"F0E60F","profile_text_color":"333333","profile_use_background_image":true,"profile_image_url":"http:\/\/pbs.twimg.com\/profile_images\/991357003086876679\/BBjUTwDV_normal.jpg","profile_image_url_https":"https:\/\/pbs.twimg.com\/profile_images\/991357003086876679\/BBjUTwDV_normal.jpg","profile_banner_url":"https:\/\/pbs.twimg.com\/profile_banners\/18773462\/1470092221","default_profile":false,"default_profile_image":false,"following":null,"follow_request_sent":null,"notifications":null},"geo":null,"coordinates":null,"place":null,"contributors":null,"is_quote_status":false,"quote_count":0,"reply_count":0,"retweet_count":0,"favorite_count":0,"entities":{"hashtags":[{"text":"UKIP","indices":[79,84]}],"urls":[],"user_mentions":[{"screen_name":"AndyPickwell","name":"Dr Andy Pickwell","id":20670739,"id_str":"20670739","indices":[0,13]}],"symbols":[]},"favorited":false,"retweeted":false,"filter_level":"low","lang":"en","matching_rules":[{"tag":null}]},{"created_at":"Fri Jun 05 17:24:20 +0000 2009","id":2045216039,"id_str":"2045216039","text":"Lady Macbeth's ambition fulfilled: Glynnis Kinnock in House of Lords. Minister for Europe? Conflict of interest maybe Vote #UKIP in Gen Elec","source":"\u003ca href=\"http:\/\/twitter.com\" rel=\"nofollow\"\u003eTwitter Web Client\u003c\/a\u003e","truncated":false,"in_reply_to_status_id":null,"in_reply_to_status_id_str":null,"in_reply_to_user_id":null,"in_reply_to_user_id_str":null,"in_reply_to_screen_name":null,"user":{"id":23589691,"id_str":"23589691","name":"Paul Wiffen","screen_name":"wiffen","location":"UK Monaco Cannes Venice Como","url":"http:\/\/www.facebook.com\/paul.wiffen","description":"Renaissance Man Filmmaker\/Performer\/Activist\/Adventurer\/Raconteur  Films http:\/\/t.co\/GDduSarqs6  Politics http:\/\/t.co\/FwA32V1NKM  Music http:\/\/t.co\/8ATpEDYVTU","translator_type":"none","derived":{"locations":[{"country":"Monaco","country_code":"MC","full_name":"Monaco","geo":{"coordinates":[7.41903,43.73141],"type":"point"}}]},"protected":false,"verified":false,"followers_count":1018,"friends_count":1413,"listed_count":58,"favourites_count":192,"statuses_count":16320,"created_at":"Tue Mar 10 13:18:45 +0000 2009","utc_offset":null,"time_zone":null,"geo_enabled":true,"lang":"en","contributors_enabled":false,"is_translator":false,"profile_background_color":"96FAFA","profile_background_image_url":"http:\/\/abs.twimg.com\/images\/themes\/theme1\/bg.png","profile_background_image_url_https":"https:\/\/abs.twimg.com\/images\/themes\/theme1\/bg.png","profile_background_tile":false,"profile_link_color":"FF0000","profile_sidebar_border_color":"F2E195","profile_sidebar_fill_color":"FFF7CC","profile_text_color":"0C3E53","profile_use_background_image":true,"profile_image_url":"http:\/\/pbs.twimg.com\/profile_images\/454823437\/LostInMusicCloseup_normal.jpg","profile_image_url_https":"https:\/\/pbs.twimg.com\/profile_images\/454823437\/LostInMusicCloseup_normal.jpg","profile_banner_url":"https:\/\/pbs.twimg.com\/profile_banners\/23589691\/1502210817","default_profile":false,"default_profile_image":false,"following":null,"follow_request_sent":null,"notifications":null},"geo":null,"coordinates":null,"place":null,"contributors":null,"is_quote_status":false,"quote_count":0,"reply_count":0,"retweet_count":0,"favorite_count":0,"entities":{"hashtags":[{"text":"UKIP","indices":[123,128]}],"urls":[],"user_mentions":[],"symbols":[]},"favorited":false,"retweeted":false,"filter_level":"low","lang":"en","matching_rules":[{"tag":null}]},{"created_at":"Fri Jun 05 15:05:31 +0000 2009","id":2043570872,"id_str":"2043570872","text":"Cons may be a little bit too confident about council gains. It looks like a hung Parliament to me if election held now. #UKIP #GenElec09","source":"\u003ca href=\"http:\/\/twitter.com\" rel=\"nofollow\"\u003eTwitter Web Client\u003c\/a\u003e","truncated":false,"in_reply_to_status_id":null,"in_reply_to_status_id_str":null,"in_reply_to_user_id":null,"in_reply_to_user_id_str":null,"in_reply_to_screen_name":null,"user":{"id":18773462,"id_str":"18773462","name":"James Moyies","screen_name":"JamesMoyies","location":"Southend","url":null,"description":"Leavers of Britain Regional Director and ex Vote Leave Regional Director (East of England) http:\/\/leaversofBritain.co.uk","translator_type":"none","derived":{"locations":[{"country":"United Kingdom","country_code":"GB","locality":"Southend-on-Sea","region":"England","sub_region":"Borough of Southend-on-Sea","full_name":"Southend-on-Sea, England, United Kingdom","geo":{"coordinates":[0.71433,51.53782],"type":"point"}}]},"protected":false,"verified":false,"followers_count":8221,"friends_count":841,"listed_count":119,"favourites_count":397,"statuses_count":6340,"created_at":"Thu Jan 08 18:37:49 +0000 2009","utc_offset":null,"time_zone":null,"geo_enabled":true,"lang":"en","contributors_enabled":false,"is_translator":false,"profile_background_color":"991483","profile_background_image_url":"http:\/\/abs.twimg.com\/images\/themes\/theme10\/bg.gif","profile_background_image_url_https":"https:\/\/abs.twimg.com\/images\/themes\/theme10\/bg.gif","profile_background_tile":true,"profile_link_color":"B021A4","profile_sidebar_border_color":"D9B17E","profile_sidebar_fill_color":"F0E60F","profile_text_color":"333333","profile_use_background_image":true,"profile_image_url":"http:\/\/pbs.twimg.com\/profile_images\/991357003086876679\/BBjUTwDV_normal.jpg","profile_image_url_https":"https:\/\/pbs.twimg.com\/profile_images\/991357003086876679\/BBjUTwDV_normal.jpg","profile_banner_url":"https:\/\/pbs.twimg.com\/profile_banners\/18773462\/1470092221","default_profile":false,"default_profile_image":false,"following":null,"follow_request_sent":null,"notifications":null},"geo":null,"coordinates":null,"place":null,"contributors":null,"is_quote_status":false,"quote_count":0,"reply_count":0,"retweet_count":0,"favorite_count":0,"entities":{"hashtags":[{"text":"UKIP","indices":[120,125]},{"text":"GenElec09","indices":[126,136]}],"urls":[],"user_mentions":[],"symbols":[]},"favorited":false,"retweeted":false,"filter_level":"low","lang":"en","matching_rules":[{"tag":null}]},{"created_at":"Fri Jun 05 14:00:02 +0000 2009","id":2042869922,"id_str":"2042869922","text":"The people I met yesterday were not protesting they were voting FOR #UKIP. They will stay with us in #Genelec09","source":"\u003ca href=\"http:\/\/twitter.com\" rel=\"nofollow\"\u003eTwitter Web Client\u003c\/a\u003e","truncated":false,"in_reply_to_status_id":null,"in_reply_to_status_id_str":null,"in_reply_to_user_id":null,"in_reply_to_user_id_str":null,"in_reply_to_screen_name":null,"user":{"id":18773462,"id_str":"18773462","name":"James Moyies","screen_name":"JamesMoyies","location":"Southend","url":null,"description":"Leavers of Britain Regional Director and ex Vote Leave Regional Director (East of England) http:\/\/leaversofBritain.co.uk","translator_type":"none","derived":{"locations":[{"country":"United Kingdom","country_code":"GB","locality":"Southend-on-Sea","region":"England","sub_region":"Borough of Southend-on-Sea","full_name":"Southend-on-Sea, England, United Kingdom","geo":{"coordinates":[0.71433,51.53782],"type":"point"}}]},"protected":false,"verified":false,"followers_count":8221,"friends_count":841,"listed_count":119,"favourites_count":397,"statuses_count":6340,"created_at":"Thu Jan 08 18:37:49 +0000 2009","utc_offset":null,"time_zone":null,"geo_enabled":true,"lang":"en","contributors_enabled":false,"is_translator":false,"profile_background_color":"991483","profile_background_image_url":"http:\/\/abs.twimg.com\/images\/themes\/theme10\/bg.gif","profile_background_image_url_https":"https:\/\/abs.twimg.com\/images\/themes\/theme10\/bg.gif","profile_background_tile":true,"profile_link_color":"B021A4","profile_sidebar_border_color":"D9B17E","profile_sidebar_fill_color":"F0E60F","profile_text_color":"333333","profile_use_background_image":true,"profile_image_url":"http:\/\/pbs.twimg.com\/profile_images\/991357003086876679\/BBjUTwDV_normal.jpg","profile_image_url_https":"https:\/\/pbs.twimg.com\/profile_images\/991357003086876679\/BBjUTwDV_normal.jpg","profile_banner_url":"https:\/\/pbs.twimg.com\/profile_banners\/18773462\/1470092221","default_profile":false,"default_profile_image":false,"following":null,"follow_request_sent":null,"notifications":null},"geo":null,"coordinates":null,"place":null,"contributors":null,"is_quote_status":false,"quote_count":0,"reply_count":0,"retweet_count":0,"favorite_count":0,"entities":{"hashtags":[{"text":"UKIP","indices":[68,73]},{"text":"Genelec09","indices":[101,111]}],"urls":[],"user_mentions":[],"symbols":[]},"favorited":false,"retweeted":false,"filter_level":"low","lang":"en","matching_rules":[{"tag":null}]},{"created_at":"Fri Jun 05 13:56:41 +0000 2009","id":2042837034,"id_str":"2042837034","text":"Eric Pickles says Conservatives have a secret manifesto that he doesn't want to tell voters about. #UKIP #Genelec09","source":"\u003ca href=\"http:\/\/twitter.com\" rel=\"nofollow\"\u003eTwitter Web Client\u003c\/a\u003e","truncated":false,"in_reply_to_status_id":null,"in_reply_to_status_id_str":null,"in_reply_to_user_id":null,"in_reply_to_user_id_str":null,"in_reply_to_screen_name":null,"user":{"id":18773462,"id_str":"18773462","name":"James Moyies","screen_name":"JamesMoyies","location":"Southend","url":null,"description":"Leavers of Britain Regional Director and ex Vote Leave Regional Director (East of England) http:\/\/leaversofBritain.co.uk","translator_type":"none","derived":{"locations":[{"country":"United Kingdom","country_code":"GB","locality":"Southend-on-Sea","region":"England","sub_region":"Borough of Southend-on-Sea","full_name":"Southend-on-Sea, England, United Kingdom","geo":{"coordinates":[0.71433,51.53782],"type":"point"}}]},"protected":false,"verified":false,"followers_count":8221,"friends_count":841,"listed_count":119,"favourites_count":397,"statuses_count":6340,"created_at":"Thu Jan 08 18:37:49 +0000 2009","utc_offset":null,"time_zone":null,"geo_enabled":true,"lang":"en","contributors_enabled":false,"is_translator":false,"profile_background_color":"991483","profile_background_image_url":"http:\/\/abs.twimg.com\/images\/themes\/theme10\/bg.gif","profile_background_image_url_https":"https:\/\/abs.twimg.com\/images\/themes\/theme10\/bg.gif","profile_background_tile":true,"profile_link_color":"B021A4","profile_sidebar_border_color":"D9B17E","profile_sidebar_fill_color":"F0E60F","profile_text_color":"333333","profile_use_background_image":true,"profile_image_url":"http:\/\/pbs.twimg.com\/profile_images\/991357003086876679\/BBjUTwDV_normal.jpg","profile_image_url_https":"https:\/\/pbs.twimg.com\/profile_images\/991357003086876679\/BBjUTwDV_normal.jpg","profile_banner_url":"https:\/\/pbs.twimg.com\/profile_banners\/18773462\/1470092221","default_profile":false,"default_profile_image":false,"following":null,"follow_request_sent":null,"notifications":null},"geo":null,"coordinates":null,"place":null,"contributors":null,"is_quote_status":false,"quote_count":0,"reply_count":0,"retweet_count":0,"favorite_count":0,"entities":{"hashtags":[{"text":"UKIP","indices":[99,104]},{"text":"Genelec09","indices":[105,115]}],"urls":[],"user_mentions":[],"symbols":[]},"favorited":false,"retweeted":false,"filter_level":"low","lang":"en","matching_rules":[{"tag":null}]},{"created_at":"Fri Jun 05 13:30:23 +0000 2009","id":2042584680,"id_str":"2042584680","text":"Staffordshire Moorlands - Leek South Ward, Steve Povey, UK Independence Party, won Council Seat with 37% of the vote. #UKIP","source":"\u003ca href=\"http:\/\/twitter.com\" rel=\"nofollow\"\u003eTwitter Web Client\u003c\/a\u003e","truncated":false,"in_reply_to_status_id":null,"in_reply_to_status_id_str":null,"in_reply_to_user_id":null,"in_reply_to_user_id_str":null,"in_reply_to_screen_name":null,"user":{"id":22319908,"id_str":"22319908","name":"Stephen Allison","screen_name":"StephenAllison","location":"Hartlepool","url":"http:\/\/steveallison107.blogspot.com\/","description":"Father, Husband, Son, Brother, uncle and friend to a few","translator_type":"none","derived":{"locations":[{"country":"United Kingdom","country_code":"GB","locality":"Hartlepool","region":"England","sub_region":"Borough of Hartlepool","full_name":"Hartlepool, England, United Kingdom","geo":{"coordinates":[-1.2125,54.68611],"type":"point"}}]},"protected":false,"verified":false,"followers_count":675,"friends_count":13,"listed_count":18,"favourites_count":66,"statuses_count":2244,"created_at":"Sun Mar 01 01:47:53 +0000 2009","utc_offset":null,"time_zone":null,"geo_enabled":true,"lang":"en","contributors_enabled":false,"is_translator":false,"profile_background_color":"9AE4E8","profile_background_image_url":"http:\/\/abs.twimg.com\/images\/themes\/theme1\/bg.png","profile_background_image_url_https":"https:\/\/abs.twimg.com\/images\/themes\/theme1\/bg.png","profile_background_tile":true,"profile_link_color":"0084B4","profile_sidebar_border_color":"BDDCAD","profile_sidebar_fill_color":"DDFFCC","profile_text_color":"333333","profile_use_background_image":true,"profile_image_url":"http:\/\/pbs.twimg.com\/profile_images\/534675279738712064\/SstMHWJ__normal.jpeg","profile_image_url_https":"https:\/\/pbs.twimg.com\/profile_images\/534675279738712064\/SstMHWJ__normal.jpeg","default_profile":false,"default_profile_image":false,"following":null,"follow_request_sent":null,"notifications":null},"geo":null,"coordinates":null,"place":null,"contributors":null,"is_quote_status":false,"quote_count":0,"reply_count":0,"retweet_count":0,"favorite_count":0,"entities":{"hashtags":[{"text":"UKIP","indices":[118,123]}],"urls":[],"user_mentions":[],"symbols":[]},"favorited":false,"retweeted":false,"filter_level":"low","lang":"en","matching_rules":[{"tag":null}]},{"created_at":"Fri Jun 05 11:54:44 +0000 2009","id":2041834483,"id_str":"2041834483","text":"@wiffen How do we know that #UKIP have done well Paul?","source":"\u003ca href=\"http:\/\/twitter.com\" rel=\"nofollow\"\u003eTwitter Web Client\u003c\/a\u003e","truncated":false,"in_reply_to_status_id":2041813485,"in_reply_to_status_id_str":"2041813485","in_reply_to_user_id":23589691,"in_reply_to_user_id_str":"23589691","in_reply_to_screen_name":"wiffen","user":{"id":22800916,"id_str":"22800916","name":"Michael Heaver","screen_name":"Michael_Heaver","location":"England \ud83c\udff4\udb40\udc67\udb40\udc62\udb40\udc65\udb40\udc6e\udb40\udc67\udb40\udc7f","url":"http:\/\/Westmonster.com","description":"Brexiteer & \u201cjumped-up barrow boy\u201d. All about the @WestmonsterUK.","translator_type":"none","derived":{"locations":[{"country":"United Kingdom","country_code":"GB","region":"England","full_name":"England, United Kingdom","geo":{"coordinates":[-0.70312,52.16045],"type":"point"}}]},"protected":false,"verified":true,"followers_count":40144,"friends_count":1815,"listed_count":393,"favourites_count":2321,"statuses_count":23068,"created_at":"Wed Mar 04 17:10:13 +0000 2009","utc_offset":null,"time_zone":null,"geo_enabled":true,"lang":"en","contributors_enabled":false,"is_translator":false,"profile_background_color":"7A05FF","profile_background_image_url":"http:\/\/abs.twimg.com\/images\/themes\/theme1\/bg.png","profile_background_image_url_https":"https:\/\/abs.twimg.com\/images\/themes\/theme1\/bg.png","profile_background_tile":false,"profile_link_color":"4A0B75","profile_sidebar_border_color":"FFFFFF","profile_sidebar_fill_color":"FFFFFF","profile_text_color":"574B4B","profile_use_background_image":false,"profile_image_url":"http:\/\/pbs.twimg.com\/profile_images\/1079893017396477952\/AW44YuOT_normal.jpg","profile_image_url_https":"https:\/\/pbs.twimg.com\/profile_images\/1079893017396477952\/AW44YuOT_normal.jpg","profile_banner_url":"https:\/\/pbs.twimg.com\/profile_banners\/22800916\/1532443101","default_profile":false,"default_profile_image":false,"following":null,"follow_request_sent":null,"notifications":null},"geo":null,"coordinates":null,"place":null,"contributors":null,"is_quote_status":false,"quote_count":0,"reply_count":0,"retweet_count":0,"favorite_count":0,"entities":{"hashtags":[{"text":"UKIP","indices":[28,33]}],"urls":[],"user_mentions":[{"screen_name":"wiffen","name":"Paul Wiffen","id":23589691,"id_str":"23589691","indices":[0,7]}],"symbols":[]},"favorited":false,"retweeted":false,"filter_level":"low","lang":"en","matching_rules":[{"tag":null}]},{"created_at":"Fri Jun 05 11:51:30 +0000 2009","id":2041813485,"id_str":"2041813485","text":"Nigel Farage & Clive Page already celebrating in the Westminster Arms. Even with the Ballot Folding scandal, #UKIP has done incredibly well!","source":"\u003ca href=\"http:\/\/twitter.com\" rel=\"nofollow\"\u003eTwitter Web Client\u003c\/a\u003e","truncated":false,"in_reply_to_status_id":null,"in_reply_to_status_id_str":null,"in_reply_to_user_id":null,"in_reply_to_user_id_str":null,"in_reply_to_screen_name":null,"user":{"id":23589691,"id_str":"23589691","name":"Paul Wiffen","screen_name":"wiffen","location":"UK Monaco Cannes Venice Como","url":"http:\/\/www.facebook.com\/paul.wiffen","description":"Renaissance Man Filmmaker\/Performer\/Activist\/Adventurer\/Raconteur  Films http:\/\/t.co\/GDduSarqs6  Politics http:\/\/t.co\/FwA32V1NKM  Music http:\/\/t.co\/8ATpEDYVTU","translator_type":"none","derived":{"locations":[{"country":"Monaco","country_code":"MC","full_name":"Monaco","geo":{"coordinates":[7.41903,43.73141],"type":"point"}}]},"protected":false,"verified":false,"followers_count":1018,"friends_count":1413,"listed_count":58,"favourites_count":192,"statuses_count":16320,"created_at":"Tue Mar 10 13:18:45 +0000 2009","utc_offset":null,"time_zone":null,"geo_enabled":true,"lang":"en","contributors_enabled":false,"is_translator":false,"profile_background_color":"96FAFA","profile_background_image_url":"http:\/\/abs.twimg.com\/images\/themes\/theme1\/bg.png","profile_background_image_url_https":"https:\/\/abs.twimg.com\/images\/themes\/theme1\/bg.png","profile_background_tile":false,"profile_link_color":"FF0000","profile_sidebar_border_color":"F2E195","profile_sidebar_fill_color":"FFF7CC","profile_text_color":"0C3E53","profile_use_background_image":true,"profile_image_url":"http:\/\/pbs.twimg.com\/profile_images\/454823437\/LostInMusicCloseup_normal.jpg","profile_image_url_https":"https:\/\/pbs.twimg.com\/profile_images\/454823437\/LostInMusicCloseup_normal.jpg","profile_banner_url":"https:\/\/pbs.twimg.com\/profile_banners\/23589691\/1502210817","default_profile":false,"default_profile_image":false,"following":null,"follow_request_sent":null,"notifications":null},"geo":null,"coordinates":null,"place":null,"contributors":null,"is_quote_status":false,"quote_count":0,"reply_count":0,"retweet_count":0,"favorite_count":0,"entities":{"hashtags":[{"text":"UKIP","indices":[109,114]}],"urls":[],"user_mentions":[],"symbols":[]},"favorited":false,"retweeted":false,"filter_level":"low","lang":"en","matching_rules":[{"tag":null}]},{"created_at":"Fri Jun 05 11:45:13 +0000 2009","id":2041773092,"id_str":"2041773092","text":"RT @iam_smithers Follow #vote09 for election news and results #politics #labour #conservative #libdem #ukip #greenparty #eu09","source":"\u003ca href=\"http:\/\/twitter.com\" rel=\"nofollow\"\u003eTwitter Web Client\u003c\/a\u003e","truncated":false,"in_reply_to_status_id":null,"in_reply_to_status_id_str":null,"in_reply_to_user_id":null,"in_reply_to_user_id_str":null,"in_reply_to_screen_name":null,"user":{"id":30193517,"id_str":"30193517","name":"House Of Twits","screen_name":"HouseofTwits","location":null,"url":"http:\/\/www.houseoftwits.co.uk","description":"Party Political Twitter","translator_type":"none","protected":false,"verified":false,"followers_count":7169,"friends_count":6098,"listed_count":596,"favourites_count":127,"statuses_count":609308,"created_at":"Fri Apr 10 10:10:09 +0000 2009","utc_offset":null,"time_zone":null,"geo_enabled":true,"lang":"en","contributors_enabled":false,"is_translator":false,"profile_background_color":"FFFFFF","profile_background_image_url":"http:\/\/abs.twimg.com\/images\/themes\/theme1\/bg.png","profile_background_image_url_https":"https:\/\/abs.twimg.com\/images\/themes\/theme1\/bg.png","profile_background_tile":true,"profile_link_color":"0084B4","profile_sidebar_border_color":"BDDCAD","profile_sidebar_fill_color":"DDFFCC","profile_text_color":"333333","profile_use_background_image":true,"profile_image_url":"http:\/\/pbs.twimg.com\/profile_images\/3613510923\/5ef4133693aabe33b088fc400d52a9c5_normal.png","profile_image_url_https":"https:\/\/pbs.twimg.com\/profile_images\/3613510923\/5ef4133693aabe33b088fc400d52a9c5_normal.png","default_profile":false,"default_profile_image":false,"following":null,"follow_request_sent":null,"notifications":null},"geo":null,"coordinates":null,"place":null,"contributors":null,"is_quote_status":false,"quote_count":0,"reply_count":0,"retweet_count":0,"favorite_count":0,"entities":{"hashtags":[{"text":"vote09","indices":[24,31]},{"text":"politics","indices":[62,71]},{"text":"labour","indices":[72,79]},{"text":"conservative","indices":[80,93]},{"text":"libdem","indices":[94,101]},{"text":"ukip","indices":[102,107]},{"text":"greenparty","indices":[108,119]},{"text":"eu09","indices":[120,125]}],"urls":[],"user_mentions":[],"symbols":[]},"favorited":false,"retweeted":false,"filter_level":"low","lang":"en","matching_rules":[{"tag":null}]},{"created_at":"Fri Jun 05 11:45:12 +0000 2009","id":2041772994,"id_str":"2041772994","text":"RT @iam_smithers Follow #vote09 for election news and results #politics #labour #conservative #libdem #ukip #greenparty #eu09","source":"\u003ca href=\"http:\/\/twitter.com\" rel=\"nofollow\"\u003eTwitter Web Client\u003c\/a\u003e","truncated":false,"in_reply_to_status_id":null,"in_reply_to_status_id_str":null,"in_reply_to_user_id":null,"in_reply_to_user_id_str":null,"in_reply_to_screen_name":null,"user":{"id":30196444,"id_str":"30196444","name":"HouseOfTwitsLab","screen_name":"HouseofTwitsLab","location":"Speakers Chair, House of Twits","url":"http:\/\/www.houseoftwits.co.uk","description":"Grassroots Political Reaction","translator_type":"none","protected":false,"verified":false,"followers_count":2104,"friends_count":1778,"listed_count":312,"favourites_count":0,"statuses_count":515749,"created_at":"Fri Apr 10 10:46:16 +0000 2009","utc_offset":null,"time_zone":null,"geo_enabled":false,"lang":"en","contributors_enabled":false,"is_translator":false,"profile_background_color":"FFFFFF","profile_background_image_url":"http:\/\/abs.twimg.com\/images\/themes\/theme1\/bg.png","profile_background_image_url_https":"https:\/\/abs.twimg.com\/images\/themes\/theme1\/bg.png","profile_background_tile":false,"profile_link_color":"0084B4","profile_sidebar_border_color":"BDDCAD","profile_sidebar_fill_color":"DDFFCC","profile_text_color":"333333","profile_use_background_image":true,"profile_image_url":"http:\/\/pbs.twimg.com\/profile_images\/654727026\/Picture_7_normal.jpg","profile_image_url_https":"https:\/\/pbs.twimg.com\/profile_images\/654727026\/Picture_7_normal.jpg","default_profile":false,"default_profile_image":false,"following":null,"follow_request_sent":null,"notifications":null},"geo":null,"coordinates":null,"place":null,"contributors":null,"is_quote_status":false,"quote_count":0,"reply_count":0,"retweet_count":0,"favorite_count":0,"entities":{"hashtags":[{"text":"vote09","indices":[24,31]},{"text":"politics","indices":[62,71]},{"text":"labour","indices":[72,79]},{"text":"conservative","indices":[80,93]},{"text":"libdem","indices":[94,101]},{"text":"ukip","indices":[102,107]},{"text":"greenparty","indices":[108,119]},{"text":"eu09","indices":[120,125]}],"urls":[],"user_mentions":[],"symbols":[]},"favorited":false,"retweeted":false,"filter_level":"low","lang":"en","matching_rules":[{"tag":null}]},{"created_at":"Fri Jun 05 11:43:36 +0000 2009","id":2041762966,"id_str":"2041762966","text":"Just off to Verify Count in City of Westminster\/City of London area of European Elections as #UKIP sub-agent. Will be looking hard at boxes!","source":"\u003ca href=\"http:\/\/twitter.com\" rel=\"nofollow\"\u003eTwitter Web Client\u003c\/a\u003e","truncated":false,"in_reply_to_status_id":null,"in_reply_to_status_id_str":null,"in_reply_to_user_id":null,"in_reply_to_user_id_str":null,"in_reply_to_screen_name":null,"user":{"id":23589691,"id_str":"23589691","name":"Paul Wiffen","screen_name":"wiffen","location":"UK Monaco Cannes Venice Como","url":"http:\/\/www.facebook.com\/paul.wiffen","description":"Renaissance Man Filmmaker\/Performer\/Activist\/Adventurer\/Raconteur  Films http:\/\/t.co\/GDduSarqs6  Politics http:\/\/t.co\/FwA32V1NKM  Music http:\/\/t.co\/8ATpEDYVTU","translator_type":"none","derived":{"locations":[{"country":"Monaco","country_code":"MC","full_name":"Monaco","geo":{"coordinates":[7.41903,43.73141],"type":"point"}}]},"protected":false,"verified":false,"followers_count":1018,"friends_count":1413,"listed_count":58,"favourites_count":192,"statuses_count":16320,"created_at":"Tue Mar 10 13:18:45 +0000 2009","utc_offset":null,"time_zone":null,"geo_enabled":true,"lang":"en","contributors_enabled":false,"is_translator":false,"profile_background_color":"96FAFA","profile_background_image_url":"http:\/\/abs.twimg.com\/images\/themes\/theme1\/bg.png","profile_background_image_url_https":"https:\/\/abs.twimg.com\/images\/themes\/theme1\/bg.png","profile_background_tile":false,"profile_link_color":"FF0000","profile_sidebar_border_color":"F2E195","profile_sidebar_fill_color":"FFF7CC","profile_text_color":"0C3E53","profile_use_background_image":true,"profile_image_url":"http:\/\/pbs.twimg.com\/profile_images\/454823437\/LostInMusicCloseup_normal.jpg","profile_image_url_https":"https:\/\/pbs.twimg.com\/profile_images\/454823437\/LostInMusicCloseup_normal.jpg","profile_banner_url":"https:\/\/pbs.twimg.com\/profile_banners\/23589691\/1502210817","default_profile":false,"default_profile_image":false,"following":null,"follow_request_sent":null,"notifications":null},"geo":null,"coordinates":null,"place":null,"contributors":null,"is_quote_status":false,"quote_count":0,"reply_count":0,"retweet_count":0,"favorite_count":0,"entities":{"hashtags":[{"text":"UKIP","indices":[93,98]}],"urls":[],"user_mentions":[],"symbols":[]},"favorited":false,"retweeted":false,"filter_level":"low","lang":"en","matching_rules":[{"tag":null}]},{"created_at":"Fri Jun 05 11:37:48 +0000 2009","id":2041726950,"id_str":"2041726950","text":"RT @JamesMoyies: Sir Alan Sugar could be brought into Brown's team. The shortest appointment ever. First speech. \"Gordon,Your FIRED!!\" #UKIP","source":"\u003ca href=\"http:\/\/twitter.com\" rel=\"nofollow\"\u003eTwitter Web Client\u003c\/a\u003e","truncated":false,"in_reply_to_status_id":null,"in_reply_to_status_id_str":null,"in_reply_to_user_id":null,"in_reply_to_user_id_str":null,"in_reply_to_screen_name":null,"user":{"id":31220268,"id_str":"31220268","name":"Zaphod Beeblebrox","screen_name":"FastMacsTweet","location":"UK","url":"http:\/\/www.jimandsue.co.uk\/Sue_the_Author.html","description":"Expert in Apple Mac's. Passionate about good health. Age 61.","translator_type":"none","derived":{"locations":[{"country":"United Kingdom","country_code":"GB","full_name":"United Kingdom","geo":{"coordinates":[-2.69531,54.75844],"type":"point"}}]},"protected":false,"verified":false,"followers_count":95,"friends_count":113,"listed_count":12,"favourites_count":211,"statuses_count":15384,"created_at":"Tue Apr 14 20:42:11 +0000 2009","utc_offset":null,"time_zone":null,"geo_enabled":false,"lang":"en","contributors_enabled":false,"is_translator":false,"profile_background_color":"9AE4E8","profile_background_image_url":"http:\/\/abs.twimg.com\/images\/themes\/theme1\/bg.png","profile_background_image_url_https":"https:\/\/abs.twimg.com\/images\/themes\/theme1\/bg.png","profile_background_tile":false,"profile_link_color":"0084B4","profile_sidebar_border_color":"BDDCAD","profile_sidebar_fill_color":"DDFFCC","profile_text_color":"333333","profile_use_background_image":true,"profile_image_url":"http:\/\/pbs.twimg.com\/profile_images\/1765910455\/twitterProfilePhoto_bigger_normal.jpg","profile_image_url_https":"https:\/\/pbs.twimg.com\/profile_images\/1765910455\/twitterProfilePhoto_bigger_normal.jpg","profile_banner_url":"https:\/\/pbs.twimg.com\/profile_banners\/31220268\/1359725593","default_profile":false,"default_profile_image":false,"following":null,"follow_request_sent":null,"notifications":null},"geo":null,"coordinates":null,"place":null,"contributors":null,"is_quote_status":false,"quote_count":0,"reply_count":0,"retweet_count":0,"favorite_count":0,"entities":{"hashtags":[{"text":"UKIP","indices":[135,140]}],"urls":[],"user_mentions":[{"screen_name":"JamesMoyies","name":"James Moyies","id":18773462,"id_str":"18773462","indices":[3,15]}],"symbols":[]},"favorited":false,"retweeted":false,"filter_level":"low","lang":"en","matching_rules":[{"tag":null}]},{"created_at":"Fri Jun 05 11:12:50 +0000 2009","id":2041578613,"id_str":"2041578613","text":"bloody idiots http:\/\/bit.ly\/4rO6gw\n #ukip idiots","source":"\u003ca href=\"http:\/\/twitter.com\" rel=\"nofollow\"\u003eTwitter Web Client\u003c\/a\u003e","truncated":false,"in_reply_to_status_id":null,"in_reply_to_status_id_str":null,"in_reply_to_user_id":null,"in_reply_to_user_id_str":null,"in_reply_to_screen_name":null,"user":{"id":14866835,"id_str":"14866835","name":"Sonja Grussendorf","screen_name":"authenticdasein","location":null,"url":"http:\/\/lti.lse.ac.uk","description":"EU: stealing your HE, NHS, housing, men & cats since 1992, giving nowt back but love \u2764\ufe0f n taxes. I know more abt Nietzsche & Heidegger than you tho'. Way more.","translator_type":"none","protected":false,"verified":false,"followers_count":482,"friends_count":629,"listed_count":28,"favourites_count":1252,"statuses_count":10179,"created_at":"Thu May 22 10:28:40 +0000 2008","utc_offset":null,"time_zone":null,"geo_enabled":true,"lang":"en","contributors_enabled":false,"is_translator":false,"profile_background_color":"9AE4E8","profile_background_image_url":"http:\/\/abs.twimg.com\/images\/themes\/theme1\/bg.png","profile_background_image_url_https":"https:\/\/abs.twimg.com\/images\/themes\/theme1\/bg.png","profile_background_tile":true,"profile_link_color":"0000FF","profile_sidebar_border_color":"87BC44","profile_sidebar_fill_color":"E0FF92","profile_text_color":"000000","profile_use_background_image":true,"profile_image_url":"http:\/\/pbs.twimg.com\/profile_images\/515848468\/Biene-Maja_normal.jpg","profile_image_url_https":"https:\/\/pbs.twimg.com\/profile_images\/515848468\/Biene-Maja_normal.jpg","profile_banner_url":"https:\/\/pbs.twimg.com\/profile_banners\/14866835\/1411574763","default_profile":false,"default_profile_image":false,"following":null,"follow_request_sent":null,"notifications":null},"geo":null,"coordinates":null,"place":null,"contributors":null,"is_quote_status":false,"quote_count":0,"reply_count":0,"retweet_count":0,"favorite_count":0,"entities":{"hashtags":[{"text":"ukip","indices":[36,41]}],"urls":[],"user_mentions":[],"symbols":[]},"favorited":false,"retweeted":false,"filter_level":"low","lang":"en","matching_rules":[{"tag":null}]},{"created_at":"Fri Jun 05 11:09:48 +0000 2009","id":2041560913,"id_str":"2041560913","text":"Sir Alan Sugar could be brought into Brown's team. The shortest appointment ever. First speech. \"Gordon...Your FIRED!!\" #UKIP","source":"\u003ca href=\"http:\/\/twitter.com\" rel=\"nofollow\"\u003eTwitter Web Client\u003c\/a\u003e","truncated":false,"in_reply_to_status_id":null,"in_reply_to_status_id_str":null,"in_reply_to_user_id":null,"in_reply_to_user_id_str":null,"in_reply_to_screen_name":null,"user":{"id":18773462,"id_str":"18773462","name":"James Moyies","screen_name":"JamesMoyies","location":"Southend","url":null,"description":"Leavers of Britain Regional Director and ex Vote Leave Regional Director (East of England) http:\/\/leaversofBritain.co.uk","translator_type":"none","derived":{"locations":[{"country":"United Kingdom","country_code":"GB","locality":"Southend-on-Sea","region":"England","sub_region":"Borough of Southend-on-Sea","full_name":"Southend-on-Sea, England, United Kingdom","geo":{"coordinates":[0.71433,51.53782],"type":"point"}}]},"protected":false,"verified":false,"followers_count":8221,"friends_count":841,"listed_count":119,"favourites_count":397,"statuses_count":6340,"created_at":"Thu Jan 08 18:37:49 +0000 2009","utc_offset":null,"time_zone":null,"geo_enabled":true,"lang":"en","contributors_enabled":false,"is_translator":false,"profile_background_color":"991483","profile_background_image_url":"http:\/\/abs.twimg.com\/images\/themes\/theme10\/bg.gif","profile_background_image_url_https":"https:\/\/abs.twimg.com\/images\/themes\/theme10\/bg.gif","profile_background_tile":true,"profile_link_color":"B021A4","profile_sidebar_border_color":"D9B17E","profile_sidebar_fill_color":"F0E60F","profile_text_color":"333333","profile_use_background_image":true,"profile_image_url":"http:\/\/pbs.twimg.com\/profile_images\/991357003086876679\/BBjUTwDV_normal.jpg","profile_image_url_https":"https:\/\/pbs.twimg.com\/profile_images\/991357003086876679\/BBjUTwDV_normal.jpg","profile_banner_url":"https:\/\/pbs.twimg.com\/profile_banners\/18773462\/1470092221","default_profile":false,"default_profile_image":false,"following":null,"follow_request_sent":null,"notifications":null},"geo":null,"coordinates":null,"place":null,"contributors":null,"is_quote_status":false,"quote_count":0,"reply_count":0,"retweet_count":0,"favorite_count":0,"entities":{"hashtags":[{"text":"UKIP","indices":[120,125]}],"urls":[],"user_mentions":[],"symbols":[]},"favorited":false,"retweeted":false,"filter_level":"low","lang":"en","matching_rules":[{"tag":null}]},{"created_at":"Fri Jun 05 09:15:35 +0000 2009","id":2040959871,"id_str":"2040959871","text":"@gellyfish that's what you get when you have a bunch of drooling morons as your electorate #eu09 #ukip","source":"\u003ca href=\"http:\/\/twitter.com\" rel=\"nofollow\"\u003eTwitter Web Client\u003c\/a\u003e","truncated":false,"in_reply_to_status_id":2040880428,"in_reply_to_status_id_str":"2040880428","in_reply_to_user_id":1005541,"in_reply_to_user_id_str":"1005541","in_reply_to_screen_name":"gellyfish","user":{"id":13136,"id_str":"13136","name":"Pedro Figueiredo","screen_name":"pfig","location":"London, UK","url":"https:\/\/pfig.be","description":"(computer || photography || music || politics || book) geek","translator_type":"none","derived":{"locations":[{"country":"United Kingdom","country_code":"GB","locality":"London","region":"England","sub_region":"Greater London","full_name":"London, England, United Kingdom","geo":{"coordinates":[-0.12574,51.50853],"type":"point"}}]},"protected":false,"verified":false,"followers_count":696,"friends_count":657,"listed_count":48,"favourites_count":1503,"statuses_count":15680,"created_at":"Sun Nov 19 22:23:45 +0000 2006","utc_offset":null,"time_zone":null,"geo_enabled":true,"lang":"en","contributors_enabled":false,"is_translator":false,"profile_background_color":"000000","profile_background_image_url":"http:\/\/abs.twimg.com\/images\/themes\/theme1\/bg.png","profile_background_image_url_https":"https:\/\/abs.twimg.com\/images\/themes\/theme1\/bg.png","profile_background_tile":false,"profile_link_color":"990000","profile_sidebar_border_color":"660000","profile_sidebar_fill_color":"999999","profile_text_color":"000000","profile_use_background_image":true,"profile_image_url":"http:\/\/pbs.twimg.com\/profile_images\/1196747806\/croppedsquare-bw-web_normal.png","profile_image_url_https":"https:\/\/pbs.twimg.com\/profile_images\/1196747806\/croppedsquare-bw-web_normal.png","default_profile":false,"default_profile_image":false,"following":null,"follow_request_sent":null,"notifications":null},"geo":null,"coordinates":null,"place":null,"contributors":null,"is_quote_status":false,"quote_count":0,"reply_count":0,"retweet_count":0,"favorite_count":0,"entities":{"hashtags":[{"text":"eu09","indices":[91,96]},{"text":"ukip","indices":[97,102]}],"urls":[],"user_mentions":[{"screen_name":"gellyfish","name":"Jonathan Stowe","id":1005541,"id_str":"1005541","indices":[0,10]}],"symbols":[]},"favorited":false,"retweeted":false,"filter_level":"low","lang":"en","matching_rules":[{"tag":null}]},{"created_at":"Fri Jun 05 09:04:32 +0000 2009","id":2040904108,"id_str":"2040904108","text":"For the record. Turnout in Southend was 32% for Euro Vote. No local elections. #UKIP","source":"\u003ca href=\"http:\/\/twitter.com\" rel=\"nofollow\"\u003eTwitter Web Client\u003c\/a\u003e","truncated":false,"in_reply_to_status_id":null,"in_reply_to_status_id_str":null,"in_reply_to_user_id":null,"in_reply_to_user_id_str":null,"in_reply_to_screen_name":null,"user":{"id":18773462,"id_str":"18773462","name":"James Moyies","screen_name":"JamesMoyies","location":"Southend","url":null,"description":"Leavers of Britain Regional Director and ex Vote Leave Regional Director (East of England) http:\/\/leaversofBritain.co.uk","translator_type":"none","derived":{"locations":[{"country":"United Kingdom","country_code":"GB","locality":"Southend-on-Sea","region":"England","sub_region":"Borough of Southend-on-Sea","full_name":"Southend-on-Sea, England, United Kingdom","geo":{"coordinates":[0.71433,51.53782],"type":"point"}}]},"protected":false,"verified":false,"followers_count":8221,"friends_count":841,"listed_count":119,"favourites_count":397,"statuses_count":6340,"created_at":"Thu Jan 08 18:37:49 +0000 2009","utc_offset":null,"time_zone":null,"geo_enabled":true,"lang":"en","contributors_enabled":false,"is_translator":false,"profile_background_color":"991483","profile_background_image_url":"http:\/\/abs.twimg.com\/images\/themes\/theme10\/bg.gif","profile_background_image_url_https":"https:\/\/abs.twimg.com\/images\/themes\/theme10\/bg.gif","profile_background_tile":true,"profile_link_color":"B021A4","profile_sidebar_border_color":"D9B17E","profile_sidebar_fill_color":"F0E60F","profile_text_color":"333333","profile_use_background_image":true,"profile_image_url":"http:\/\/pbs.twimg.com\/profile_images\/991357003086876679\/BBjUTwDV_normal.jpg","profile_image_url_https":"https:\/\/pbs.twimg.com\/profile_images\/991357003086876679\/BBjUTwDV_normal.jpg","profile_banner_url":"https:\/\/pbs.twimg.com\/profile_banners\/18773462\/1470092221","default_profile":false,"default_profile_image":false,"following":null,"follow_request_sent":null,"notifications":null},"geo":null,"coordinates":null,"place":null,"contributors":null,"is_quote_status":false,"quote_count":0,"reply_count":0,"retweet_count":0,"favorite_count":0,"entities":{"hashtags":[{"text":"UKIP","indices":[79,84]}],"urls":[],"user_mentions":[],"symbols":[]},"favorited":false,"retweeted":false,"filter_level":"low","lang":"en","matching_rules":[{"tag":null}]},{"created_at":"Fri Jun 05 09:01:33 +0000 2009","id":2040888567,"id_str":"2040888567","text":"@JamesMoyies  #UKIP Ukip got my vote","source":"\u003ca href=\"http:\/\/twitter.com\" rel=\"nofollow\"\u003eTwitter Web Client\u003c\/a\u003e","truncated":false,"in_reply_to_status_id":2040881736,"in_reply_to_status_id_str":"2040881736","in_reply_to_user_id":18773462,"in_reply_to_user_id_str":"18773462","in_reply_to_screen_name":"JamesMoyies","user":{"id":18373946,"id_str":"18373946","name":"Jane Fleming","screen_name":"fleming77","location":"Cambridgeshire England","url":null,"description":"fingers and vision not the best but still academic but out of work, particular interest adaptive tech, Isle of Ely Fenvision, Chicago, maps","translator_type":"none","derived":{"locations":[{"country":"United Kingdom","country_code":"GB","locality":"East Cambridgeshire","region":"England","sub_region":"Cambridgeshire","full_name":"East Cambridgeshire, England, United Kingdom","geo":{"coordinates":[0.3,52.31667],"type":"point"}}]},"protected":false,"verified":false,"followers_count":3598,"friends_count":3065,"listed_count":227,"favourites_count":1793,"statuses_count":554141,"created_at":"Thu Dec 25 12:08:22 +0000 2008","utc_offset":null,"time_zone":null,"geo_enabled":true,"lang":"en","contributors_enabled":false,"is_translator":false,"profile_background_color":"C6E2EE","profile_background_image_url":"http:\/\/abs.twimg.com\/images\/themes\/theme2\/bg.gif","profile_background_image_url_https":"https:\/\/abs.twimg.com\/images\/themes\/theme2\/bg.gif","profile_background_tile":true,"profile_link_color":"1F98C7","profile_sidebar_border_color":"C6E2EE","profile_sidebar_fill_color":"DAECF4","profile_text_color":"663B12","profile_use_background_image":true,"profile_image_url":"http:\/\/pbs.twimg.com\/profile_images\/2839890122\/16e560840689068f337b2d793beae9bf_normal.png","profile_image_url_https":"https:\/\/pbs.twimg.com\/profile_images\/2839890122\/16e560840689068f337b2d793beae9bf_normal.png","default_profile":false,"default_profile_image":false,"following":null,"follow_request_sent":null,"notifications":null},"geo":null,"coordinates":null,"place":null,"contributors":null,"is_quote_status":false,"quote_count":0,"reply_count":0,"retweet_count":0,"favorite_count":0,"entities":{"hashtags":[{"text":"UKIP","indices":[14,19]}],"urls":[],"user_mentions":[{"screen_name":"JamesMoyies","name":"James Moyies","id":18773462,"id_str":"18773462","indices":[0,12]}],"symbols":[]},"favorited":false,"retweeted":false,"filter_level":"low","lang":"en","matching_rules":[{"tag":null}]},{"created_at":"Fri Jun 05 09:00:21 +0000 2009","id":2040881736,"id_str":"2040881736","text":"#UKIP will reintroduce Student grants & replace the system that means up to 30% of undergraduates drop out & the rest are loaded with debt.","source":"\u003ca href=\"http:\/\/twitter.com\" rel=\"nofollow\"\u003eTwitter Web Client\u003c\/a\u003e","truncated":false,"in_reply_to_status_id":null,"in_reply_to_status_id_str":null,"in_reply_to_user_id":null,"in_reply_to_user_id_str":null,"in_reply_to_screen_name":null,"user":{"id":18773462,"id_str":"18773462","name":"James Moyies","screen_name":"JamesMoyies","location":"Southend","url":null,"description":"Leavers of Britain Regional Director and ex Vote Leave Regional Director (East of England) http:\/\/leaversofBritain.co.uk","translator_type":"none","derived":{"locations":[{"country":"United Kingdom","country_code":"GB","locality":"Southend-on-Sea","region":"England","sub_region":"Borough of Southend-on-Sea","full_name":"Southend-on-Sea, England, United Kingdom","geo":{"coordinates":[0.71433,51.53782],"type":"point"}}]},"protected":false,"verified":false,"followers_count":8221,"friends_count":841,"listed_count":119,"favourites_count":397,"statuses_count":6340,"created_at":"Thu Jan 08 18:37:49 +0000 2009","utc_offset":null,"time_zone":null,"geo_enabled":true,"lang":"en","contributors_enabled":false,"is_translator":false,"profile_background_color":"991483","profile_background_image_url":"http:\/\/abs.twimg.com\/images\/themes\/theme10\/bg.gif","profile_background_image_url_https":"https:\/\/abs.twimg.com\/images\/themes\/theme10\/bg.gif","profile_background_tile":true,"profile_link_color":"B021A4","profile_sidebar_border_color":"D9B17E","profile_sidebar_fill_color":"F0E60F","profile_text_color":"333333","profile_use_background_image":true,"profile_image_url":"http:\/\/pbs.twimg.com\/profile_images\/991357003086876679\/BBjUTwDV_normal.jpg","profile_image_url_https":"https:\/\/pbs.twimg.com\/profile_images\/991357003086876679\/BBjUTwDV_normal.jpg","profile_banner_url":"https:\/\/pbs.twimg.com\/profile_banners\/18773462\/1470092221","default_profile":false,"default_profile_image":false,"following":null,"follow_request_sent":null,"notifications":null},"geo":null,"coordinates":null,"place":null,"contributors":null,"is_quote_status":false,"quote_count":0,"reply_count":0,"retweet_count":0,"favorite_count":0,"entities":{"hashtags":[{"text":"UKIP","indices":[0,5]}],"urls":[],"user_mentions":[],"symbols":[]},"favorited":false,"retweeted":false,"filter_level":"low","lang":"en","matching_rules":[{"tag":null}]},{"created_at":"Fri Jun 05 08:55:56 +0000 2009","id":2040858808,"id_str":"2040858808","text":"Thank you to everyone who put up with my \u00a340M,75% and unlimited tweets. It was the message and it seems to have been clear enough. #UKIP","source":"\u003ca href=\"http:\/\/twitter.com\" rel=\"nofollow\"\u003eTwitter Web Client\u003c\/a\u003e","truncated":false,"in_reply_to_status_id":null,"in_reply_to_status_id_str":null,"in_reply_to_user_id":null,"in_reply_to_user_id_str":null,"in_reply_to_screen_name":null,"user":{"id":18773462,"id_str":"18773462","name":"James Moyies","screen_name":"JamesMoyies","location":"Southend","url":null,"description":"Leavers of Britain Regional Director and ex Vote Leave Regional Director (East of England) http:\/\/leaversofBritain.co.uk","translator_type":"none","derived":{"locations":[{"country":"United Kingdom","country_code":"GB","locality":"Southend-on-Sea","region":"England","sub_region":"Borough of Southend-on-Sea","full_name":"Southend-on-Sea, England, United Kingdom","geo":{"coordinates":[0.71433,51.53782],"type":"point"}}]},"protected":false,"verified":false,"followers_count":8221,"friends_count":841,"listed_count":119,"favourites_count":397,"statuses_count":6340,"created_at":"Thu Jan 08 18:37:49 +0000 2009","utc_offset":null,"time_zone":null,"geo_enabled":true,"lang":"en","contributors_enabled":false,"is_translator":false,"profile_background_color":"991483","profile_background_image_url":"http:\/\/abs.twimg.com\/images\/themes\/theme10\/bg.gif","profile_background_image_url_https":"https:\/\/abs.twimg.com\/images\/themes\/theme10\/bg.gif","profile_background_tile":true,"profile_link_color":"B021A4","profile_sidebar_border_color":"D9B17E","profile_sidebar_fill_color":"F0E60F","profile_text_color":"333333","profile_use_background_image":true,"profile_image_url":"http:\/\/pbs.twimg.com\/profile_images\/991357003086876679\/BBjUTwDV_normal.jpg","profile_image_url_https":"https:\/\/pbs.twimg.com\/profile_images\/991357003086876679\/BBjUTwDV_normal.jpg","profile_banner_url":"https:\/\/pbs.twimg.com\/profile_banners\/18773462\/1470092221","default_profile":false,"default_profile_image":false,"following":null,"follow_request_sent":null,"notifications":null},"geo":null,"coordinates":null,"place":null,"contributors":null,"is_quote_status":false,"quote_count":0,"reply_count":0,"retweet_count":0,"favorite_count":0,"entities":{"hashtags":[{"text":"UKIP","indices":[131,136]}],"urls":[],"user_mentions":[],"symbols":[]},"favorited":false,"retweeted":false,"filter_level":"low","lang":"en","matching_rules":[{"tag":null}]},{"created_at":"Fri Jun 05 08:53:05 +0000 2009","id":2040844444,"id_str":"2040844444","text":"So now someone is saying that an old lady who could not see #UKIP on a ballot paper under a fold is a stupid C##T.You should all be ashamed.","source":"\u003ca href=\"http:\/\/twitter.com\" rel=\"nofollow\"\u003eTwitter Web Client\u003c\/a\u003e","truncated":false,"in_reply_to_status_id":null,"in_reply_to_status_id_str":null,"in_reply_to_user_id":null,"in_reply_to_user_id_str":null,"in_reply_to_screen_name":null,"user":{"id":18773462,"id_str":"18773462","name":"James Moyies","screen_name":"JamesMoyies","location":"Southend","url":null,"description":"Leavers of Britain Regional Director and ex Vote Leave Regional Director (East of England) http:\/\/leaversofBritain.co.uk","translator_type":"none","derived":{"locations":[{"country":"United Kingdom","country_code":"GB","locality":"Southend-on-Sea","region":"England","sub_region":"Borough of Southend-on-Sea","full_name":"Southend-on-Sea, England, United Kingdom","geo":{"coordinates":[0.71433,51.53782],"type":"point"}}]},"protected":false,"verified":false,"followers_count":8221,"friends_count":841,"listed_count":119,"favourites_count":397,"statuses_count":6340,"created_at":"Thu Jan 08 18:37:49 +0000 2009","utc_offset":null,"time_zone":null,"geo_enabled":true,"lang":"en","contributors_enabled":false,"is_translator":false,"profile_background_color":"991483","profile_background_image_url":"http:\/\/abs.twimg.com\/images\/themes\/theme10\/bg.gif","profile_background_image_url_https":"https:\/\/abs.twimg.com\/images\/themes\/theme10\/bg.gif","profile_background_tile":true,"profile_link_color":"B021A4","profile_sidebar_border_color":"D9B17E","profile_sidebar_fill_color":"F0E60F","profile_text_color":"333333","profile_use_background_image":true,"profile_image_url":"http:\/\/pbs.twimg.com\/profile_images\/991357003086876679\/BBjUTwDV_normal.jpg","profile_image_url_https":"https:\/\/pbs.twimg.com\/profile_images\/991357003086876679\/BBjUTwDV_normal.jpg","profile_banner_url":"https:\/\/pbs.twimg.com\/profile_banners\/18773462\/1470092221","default_profile":false,"default_profile_image":false,"following":null,"follow_request_sent":null,"notifications":null},"geo":null,"coordinates":null,"place":null,"contributors":null,"is_quote_status":false,"quote_count":0,"reply_count":0,"retweet_count":0,"favorite_count":0,"entities":{"hashtags":[{"text":"UKIP","indices":[60,65]},{"text":"T","indices":[111,113]}],"urls":[],"user_mentions":[],"symbols":[]},"favorited":false,"retweeted":false,"filter_level":"low","lang":"en","matching_rules":[{"tag":null}]},{"created_at":"Fri Jun 05 07:32:13 +0000 2009","id":2040419709,"id_str":"2040419709","text":"It says a lot about your party if your supporters can't work out how to unfold a piece of paper http:\/\/bit.ly\/xahZx #ukip","source":"\u003ca href=\"http:\/\/twitter.com\" rel=\"nofollow\"\u003eTwitter Web Client\u003c\/a\u003e","truncated":false,"in_reply_to_status_id":null,"in_reply_to_status_id_str":null,"in_reply_to_user_id":null,"in_reply_to_user_id_str":null,"in_reply_to_screen_name":null,"user":{"id":10706232,"id_str":"10706232","name":"Angharad","screen_name":"gorbash78","location":"Cambridge, UK","url":null,"description":"Forever in blue jeans, babe.\u26af\u035b She\/Her\/Hers","translator_type":"none","derived":{"locations":[{"country":"United Kingdom","country_code":"GB","locality":"Cambridge","region":"England","sub_region":"Cambridgeshire","full_name":"Cambridge, England, United Kingdom","geo":{"coordinates":[0.11667,52.2],"type":"point"}}]},"protected":false,"verified":false,"followers_count":145,"friends_count":323,"listed_count":9,"favourites_count":1653,"statuses_count":4893,"created_at":"Thu Nov 29 12:37:50 +0000 2007","utc_offset":null,"time_zone":null,"geo_enabled":true,"lang":"en","contributors_enabled":false,"is_translator":false,"profile_background_color":"C6E2EE","profile_background_image_url":"http:\/\/abs.twimg.com\/images\/themes\/theme2\/bg.gif","profile_background_image_url_https":"https:\/\/abs.twimg.com\/images\/themes\/theme2\/bg.gif","profile_background_tile":false,"profile_link_color":"1F98C7","profile_sidebar_border_color":"C6E2EE","profile_sidebar_fill_color":"DAECF4","profile_text_color":"663B12","profile_use_background_image":true,"profile_image_url":"http:\/\/pbs.twimg.com\/profile_images\/1094749809397903362\/xVsYOD5r_normal.jpg","profile_image_url_https":"https:\/\/pbs.twimg.com\/profile_images\/1094749809397903362\/xVsYOD5r_normal.jpg","default_profile":false,"default_profile_image":false,"following":null,"follow_request_sent":null,"notifications":null},"geo":null,"coordinates":null,"place":null,"contributors":null,"is_quote_status":false,"quote_count":0,"reply_count":0,"retweet_count":0,"favorite_count":0,"entities":{"hashtags":[{"text":"ukip","indices":[116,121]}],"urls":[],"user_mentions":[],"symbols":[]},"favorited":false,"retweeted":false,"filter_level":"low","lang":"en","matching_rules":[{"tag":null}]}],"requestParameters":{"maxResults":500,"fromDate":"200906050500","toDate":"200906052300"}}